,company_id,name,company_domain_name,company_owner,city,telefone,country/region,sistema_de_ensino,state/region,associated_deals,associated_company_id,associated_company
0,5285538221,ARUA EDUCACIONAL,https://www.coc.com.br/nossas-escolas/arua-educacional,Karen Bustamante,Mogi das Cruzes,(11) 4795-1852,,COC (Arco),SP,1.0,,
1,5285531174,ATENAS CENTRO DE EDUCAÇÃO,https://www.diretoriobrasil.com.br/empresa/atenas-centro-de-educao-ltda-20373282000180.html,Karen Bustamante,Dois Vizinhos,(46) 3581-5100,,COC (Arco),PR,1.0,,
2,5285636036,ATUAL CURSO PREPARATÓRIO,https://atualprevestibular.com.br/,,São José dos Pinhais,(41) 3098-4996,,COC (Arco),PR,1.0,,
3,5285531184,BATISTA FLUMINENSE,https://www.colegioefaculdadebatista.com.br/matricula/,,Campos dos Goytacazes,-,,COC (Arco),RJ,1.0,,
4,5285517350,BÊ A BÁ ESC. EDUC.INF.E FUND./COLÉGIO INTERLIGADO,https://www.coc.com.br/nossas-escolas/be-a-ba-esc-educ-inf-e-fund-colegio-interligado,,Dois Córregos,(14) 3652-4758,,COC (Arco),SP,1.0,,
5,5285550545,C EDUC PRIMEIROS PASSOS,https://www.coc.com.br/nossas-escolas/c-educ-primeiros-passos,,Guaranésia,(35) 3555-3699,,COC (Arco),MG,1.0,,
6,5285614425,C.E GUROO EM,https://www.guroo.com.br/,,Florianópolis,(48) 3233-0785,,COC (Arco),SC,1.0,,
7,5285554005,14 DE AGOSTO ESCOLA,https://www.coc.com.br/nossas-escolas/14-de-agosto-escola,,Mirandópolis,-,,COC (Arco),SP,1.0,,
8,5285549007,A A Z COLÉGIO,https://pt-br.facebook.com/ColegioAaZeSaldaTerra,,Morro Agudo,-,,COC (Arco),SP,1.0,,
9,5285614429,AGAPE MATERIAL DIDATICO,https://consultas.plus/lista-de-empresas/goias/mineiros/12839628000164-agape-solucoes-educacionais-ltda/,,Mineiros,-,,COC (Arco),GO,1.0,,
10,5285541972,ALICERCE ORGANIZAÇÃO EDUCACIONAL,https://www.coc.com.br/nossas-escolas/alicerce-organizacao-educacional,,Itápolis,(16) 3262-1235,,COC (Arco),SP,1.0,,
11,5285545153,ARTUR DE QUEIRÓS,https://colegioarturdequeiros.com.br/,,Santo André,(11) 4436-3526,,COC (Arco),SP,1.0,,
12,5285552705,CEC,https://www.coc.com.br/nossas-escolas/cec,,Coruripe,(82) 3273-1721,,COC (Arco),AL,1.0,,
13,5285522185,CEC COC,https://www.coc.com.br/nossas-escolas/cec-coc,,Santa Rita do Passa Quatro,(19) 3582-4118,,COC (Arco),SP,1.0,,
14,5284588294,CEC COC JEAN PIAGET,https://www.solutudo.com.br/empresas/sp/guatapara/escolas-infantis/cec-coc-jean-piaget-7217411,,Guatapará,(16) 99715-2244,,COC (Arco),SP,1.0,,
15,5284588288,CECAFE CENTRO DE ENSINO CAMINHO FELIZ,https://www.coc.com.br/nossas-escolas/cecafe-centro-de-ensino-caminho-feliz,,Santa Fé do Sul,(17) 3631-1876,,COC (Arco),SP,1.0,,
16,5285524198,CECONINHO,https://www.coc.com.br/nossas-escolas/ceconinho,,Arcos,(37) 3351-4185,,COC (Arco),MG,1.0,,
17,5285636032,CEDEL - COOPERATIVA EDUCACIONAL DE EDEIA,https://www.coc.com.br/nossas-escolas/cedel-cooperativa-educacional-de-edeia,,Edéia,(64) 3492-1191,,COC (Arco),GO,1.0,,
18,5285614421,CEFA,http://www.cefacoc.com.br/,,Caxias,2184032664,,COC (Arco),MA,1.0,,
19,5285533395,CEI COC - EI/EM,https://www.coc.com.br/nossas-escolas/cei-coc-ei-em,,Calhau,(98) 2106-8802,,COC (Arco),MA,1.0,,
20,5285524204,CENTRO DE EDUCACAO PROJETAR,http://ceprojetar.com.br/sistema-de-ensino-projetar/,,Linhares,(27) 3264-3567,,COC (Arco),ES,1.0,,
21,5285541964,CENTRO DE ENSINO MARIA ANGELIM - CEMA,https://mariaangelim.com.br/,Guilherme Leite,Manaus,(92) 3641-1142,,COC (Arco),AM,1.0,,
22,5285540096,CENTRO DE ENSINO TÉCNICO IDEAL,http://grupoideal.com.br/,,Belém,(91) 3323-5000,,COC (Arco),PA,1.0,,
23,5285515716,CAMÕES-PINOCHIO,https://www.camoespinochio.com.br/,,Rio de Janeiro,(21) 2436-0777,,COC (Arco),RJ,1.0,,
24,5285546865,CASA ESCOLA DEI BAMBINI,https://www.deibambinicoc.com.br/,,Imperatriz,(99) 3523-3394,,COC (Arco),MA,1.0,,
25,5285545156,CENTRO DE ESTUDOS AVANÇADOS,https://pt.foursquare.com/v/cea--centro-de-estudos-avan%C3%A7ados/5035110ee4b0493814086ccc,Karen Bustamante,Santo Antônio da Platina,(43) 3534-0210,,COC (Arco),PR,1.0,,
26,5285531189,CENTRO EDUCACIONAL AURÉLIO SANTOS,https://www.coc.com.br/nossas-escolas/centro-educacional-aurelio-santos,,Gandu,-,,COC (Arco),BA,1.0,,
27,5284588292,CENTRO EDUCACIONAL CARINA,https://www.coc.com.br/nossas-escolas/centro-educacional-carina,,Pederneiras,(14) 3284-7510,,COC (Arco),SP,1.0,,
28,5285531177,CENTRO EDUCACIONAL CASTILHO SANTOS,https://www.cocjales.com.br/unidades/centro-educacional-castilho-santos,,Jales,-,,COC (Arco),SP,1.0,,
29,5285550544,CENTRO EDUCACIONAL CATAGUASES,https://pt-br.facebook.com/cec.cataguases,,Cataguases,(32) 3421-3262,,COC (Arco),MG,1.0,,
30,5285522194,CENTRO EDUCACIONAL CONHECIMENTO,https://www.colegioconhecimento.com.br/,,Biguaçu,(48) 3243-4108,,COC (Arco),SC,1.0,,
31,5285517347,CENTRO EDUCACIONAL DE SERRANA,https://pt-br.facebook.com/cocjs/,,Serrana,-,,COC (Arco),SP,1.0,,
32,5285552698,CENTRO EDUCACIONAL ELO,https://pt-br.facebook.com/centroeducacionalelo,Karen Bustamante,Euclides da Cunha,(75) 3271-1321,,COC (Arco),BA,1.0,,
33,5285614433,CENTRO EDUCACIONAL EVOLUÇÃO,https://www.coc.com.br/nossas-escolas/centro-educacional-evolucao,,Bambuí,(37) 3431-1492,,COC (Arco),MG,1.0,,
34,5285615680,CENTRO EDUCACIONAL FREITAS CAVALCANTI,https://www.diretoriobrasil.com.br/atividade/terra-boa-pr/ensino-fundamental-85139_7917.html,,Terra Boa,-,,COC (Arco),PR,1.0,,
35,5285554004,CENTRO EDUCACIONAL FREITAS CAVALCANTI,https://www.coc.com.br/nossas-escolas/centro-educacional-freitas-cavalcanti,Guilherme Leite,Campo Mourão,(44) 3068-1718,,COC (Arco),PR,1.0,,
36,5285536872,CENTRO EDUCACIONAL JARDIM AMÁLIA,https://www.colegioceja.com.br/,,Volta Redonda,(24) 3342-2713,,COC (Arco),RJ,1.0,,
37,5285541963,CENTRO EDUCACIONAL MARIA NILZA,https://www.coc.com.br/nossas-escolas/centro-educacional-maria-nilza,,Brumado,(77) 3441-0215,,COC (Arco),BA,1.0,,
38,5285627631,CENTRO EDUCACIONAL PIAGET,https://www.educacionalpiaget.com.br/,Guilherme Leite,Dias d'Ávila,(71) 3625-5763,,COC (Arco),BA,1.0,,
39,5285534747,CENTRO EDUCACIONAL RENASCER COC,http://www.renascercoc.com.br/,Karen Bustamante,Sertãozinho,(16) 3945-0555,,COC (Arco),SP,1.0,,
40,5285538228,CENTRO EDUCACIONAL SANTA LUZ,https://www.coc.com.br/nossas-escolas/centro-educacional-santa-luz,Karen Bustamante,Guaíra,(17) 3331-5200,,COC (Arco),SP,1.0,,
41,5285540103,CENTRO EDUCACIONAL SÃO JOÃO EVANGELISTA,https://colegiosaojoaoevangelista.com.br/,Karen Bustamante,Teixeira de Freitas,(73) 3011-5063,,COC (Arco),BA,1.0,,
42,5285531179,CENTRO EDUCACIONAL SISTEMA MASTER,https://www.coc.com.br/nossas-escolas/centro-educacional-sistema-master,Guilherme Leite,E,-,Brazil,COC (Arco),BA,1.0,,
43,5285627635,CENTRO ELO,https://colegioelo.com.br/,Nicole Oliveira,Jaboatão dos Guararapes,(81) 3080-0101,,COC (Arco),PE,1.0,,
44,5285545149,COC - COLÉGIO SÃO PAULO,https://www.coc.com.br/nossas-escolas/coc-colegio-sao-paulo,Karen Bustamante,Aracaju,(79) 3218-3500,,COC (Arco),SE,1.0,,
45,5285636027,COC AMPARO,https://www.cocamparo.com.br/,Nicole Oliveira,Amparo,(19) 3938-3805,,COC (Arco),SP,1.0,,
46,5285520248,COC ARAPIRACA,https://www.facebook.com/pages/category/School/Col%C3%A9gio-COC-Arapiraca-111497103735401/,Karen Bustamante,Arapiraca,-,,COC (Arco),AL,1.0,,
47,5285524203,COC ARARAQUARA - CENTRO,https://www.cocararaquara.com.br/contato-unidade-centro/,Karen Bustamante,Araraquara,(16) 3461-3003,,COC (Arco),SP,1.0,,
48,5285627634,COC ARARAQUARA - MORUMBI,https://www.cocararaquara.com.br/contato-unidade-morumbi/,,Araraquara,-,,COC (Arco),SP,1.0,,
49,5285522187,COC ARAUCÁRIA,https://www.coc.com.br/nossas-escolas/coc-araucaria,Nicole Oliveira,Araucária,-,,COC (Arco),PR,1.0,,
50,5285524199,COC ATIBAIA,https://www.cocatibaia.com.br/,Nicole Oliveira,Atibaia,(11) 4413-1214,,COC (Arco),SP,1.0,,
51,5285517352,COC BALNEÁRIO,https://cocbalneario.com.br/,,Balneário Camboriú,(47) 3268-5366,,COC (Arco),SC,,,
52,5285629511,COC BERTIOGA,https://www.facebook.com/cocbertioga/,Karen Bustamante,INDAIA,-,,COC (Arco),SP,1.0,,
53,5285545151,COC JABOTICABAL,https://www.coc.com.br/nossas-escolas/coc-jaboticabal,Karen Bustamante,Jaboticabal,(16) 3202-1491,,COC (Arco),SP,1.0,,
54,5285666086,COC JAÚ,https://www.cocjau.com.br/,Nicole Oliveira,Jaú,(14) 3418-7779,,COC (Arco),SP,1.0,,
55,5285615677,COC BATATAIS,http://www.cocbatatais.com.br/,Karen Bustamante,Batatais,-,,COC (Arco),SP,1.0,,
56,5285531185,COC BAURU,https://www.coc.com.br/nossas-escolas/coc-bauru,Karen Bustamante,Santa Tereza,(14) 3104-6070,,COC (Arco),SP,1.0,,
57,5285549010,COC BLUMENAU,https://www.coc.com.br/nossas-escolas/coc-blumenau,Karen Bustamante,Blumenau,(47) 3513-1288,,COC (Arco),SC,1.0,,
58,5285629515,COC CALDAS NOVAS,https://coccaldas.com.br/,,Caldas Novas,(64) 3453-7533,,COC (Arco),GO,1.0,,
59,5285549012,COC COGNUS ARARAS,https://escolacognus.com.br/,,Araras,(19) 3542-1600,,COC (Arco),SP,1.0,,
60,5285528539,COC FLORIANÓPOLIS,https://www.cocflorianopolis.com.br/,Karen Bustamante,Florianópolis,-,,COC (Arco),SC,1.0,,
61,5285614436,COC FRANCA,http://www.cocfranca.com.br/,Karen Bustamante,Franca,(16) 3707-1000,,COC (Arco),SP,1.0,,
62,5285536873,COC GUANABARA,https://www.coc.com.br/nossas-escolas/todas/5,,Rio de Janeiro,-,,COC (Arco),RJ,1.0,,
63,5285522183,COC Ilha do Governador,https://www.facebook.com/cocilhadogovernador/,André Lopes,Rio de Janeiro,(21) 3393-8000,,COC (Arco),RJ,2.0,,
64,5285538224,COC PALMAS,http://cocpalmas.com.br/,Karen Bustamante,Palmas,(63) 3026-6760,,COC (Arco),TO,1.0,,
65,5285520250,COC PIRACICABA - EI/EF,https://www.coc.com.br/nossas-escolas/coc-piracicaba-ei-ef,Nicole Oliveira,Piracicaba,(19) 3417-2831,,COC (Arco),SP,1.0,,
66,5285553995,COC RIO DO SUL,https://cocriodosul.com.br/,Nicole Oliveira,Rio do Sul,(47) 3521-4231,,COC (Arco),SC,1.0,,
67,5285666091,COC SALTO,https://www.cocsalto.com.br/,Karen Bustamante,Salto,(11) 99227-4140,,COC (Arco),SP,1.0,,
68,5285517351,Cursinho Einstein/COC Botucatu,https://www.facebook.com/einsteinbotucatu/,Karen Bustamante,Botucatu,(14) 99735-7155,,COC (Arco),SP,1.0,,
69,5285524200,Monteiro Lobato - COC FRANCA,http://www.cocfranca.com.br/unidades.asp,,Franca,(16) 3707-1000,,COC (Arco),SP,1.0,,
70,5285553994,COC LAGES,https://coclages.com.br/,Nicole Oliveira,Lages,-,,COC (Arco),SC,1.0,,
71,5285545157,COC LAGO NORTE,https://www.coclagonorte.com.br/,Karen Bustamante,Brasília,(61) 3468-9000,,COC (Arco),DF,1.0,,
72,5285552695,COC LEME,https://cocleme.com.br/,Karen Bustamante,Leme,(19) 3573-3310,,COC (Arco),SP,1.0,,
73,5285540104,COC MARABÁ,https://pt-br.facebook.com/cocmaraba/,,Marabá,-,,COC (Arco),PA,1.0,,
74,5285553998,COC MATÃO EM,http://cocmatao.com.br/,Karen Bustamante,Matão,(16) 3383-7070,,COC (Arco),SP,1.0,,
75,5285629507,COC SÃO BERNARDO DO CAMPO,https://www.cocsbc.com.br/,,São Bernardo do Campo,(11) 4125-4700,,COC (Arco),SP,1.0,,
76,5285515719,COC SÃO JOÃO,https://www.coc.com.br/nossas-escolas/coc-sao-joao,Nicole Oliveira,São João da Boa Vista,(19) 3623-1523,,COC (Arco),SP,1.0,,
77,5285550539,COC SÃO JOSÉ DOS CAMPOS,https://www.cocsjc.com.br/,Nicole Oliveira,Centro,(12) 2134-9300,,COC (Arco),SP,1.0,,
78,5285636030,COC SÃO LOURENÇO,https://www.coc.com.br/nossas-escolas/coc-sao-lourenco,Nicole Oliveira,São Lourenço,(35) 3332-7301,,COC (Arco),MG,1.0,,
79,5285528535,COC SETOR NORTE,https://www.cocsetornorte.com.br/,Nicole Oliveira,Goiânia,(62) 99294-6540,,COC (Arco),GO,1.0,,
80,5285517341,COC SOLUÇÕES EDUCACIONAIS,https://www.coc.com.br/nossas-escolas/coc-solucoes-educacionais,,Araucária,(41) 3031-6565,,COC (Arco),PR,1.0,,
81,5285528536,COC UBERABA,https://www.cocuberaba.com.br/,,Uberaba,(34) 3333-4590,,COC (Arco),MG,1.0,,
82,5285534748,COC UNIVERSITARIO SANTOS,https://www.coc.com.br/nossas-escolas/coc-universitario-santos,,Santos,(13) 3229-1065,,COC (Arco),SP,1.0,,
83,5285520256,COG EDUCAÇÃO,https://pt-br.facebook.com/escolacognitivo/,,Marabá,(94) 3324-4833,,COC (Arco),PA,1.0,,
84,5285550551,COLÉGIO ACADÊMICO COC LIMEIRA,https://www.coc.com.br/nossas-escolas/colegio-academico-coc-limeira,Caroline Zilker,Limeira,(19) 3404-4720,,COC (Arco),SP,1.0,,
85,5285536874,COLÉGIO ÁGAPE VARGINHA,https://www.facebook.com/colegioagapedom/,Karen Bustamante,Varginha,-,,COC (Arco),MG,1.0,,
86,5284588280,COLÉGIO AGNUS DEI,https://www.colegioagnusdei.com/,Karen Bustamante,Rio Largo,(82) 3352-1097,,COC (Arco),AL,1.0,,
87,5285636034,COLÉGIO ALCANCE - EF,https://www.coc.com.br/nossas-escolas/colegio-alcance-ef,Karen Bustamante,Jacareí,(12) 3952-2190,,COC (Arco),SP,1.0,,
88,5285534745,COLÉGIO ALFA,https://alfacolegio.com.br/,Karen Bustamante,Duque de Caxias,(21) 2671-4730,,COC (Arco),RJ,1.0,,
89,5285636029,COLÉGIO ALPHA COC,https://www.coc.com.br/nossas-escolas/colegio-alpha-monte-carmelo,Karen Bustamante,Monte Carmelo,(34) 3842-4600,,COC (Arco),MG,1.0,,
90,5285627624,COLÉGIO ALPHA VIRADOURO,https://www.facebook.com/ColegioAlphaViradouro/,Karen Bustamante,Viradouro,(17) 3392-3938,,COC (Arco),SP,1.0,,
91,5285534741,COLÉGIO ANJO DA GUARDA,https://www.colegioanjodaguarda.com.br/,,Bebedouro,(17) 3342-3939,,COC (Arco),SP,,,
92,5285524210,COLÉGIO ANTONIO CRUZ,https://www.coc.com.br/nossas-escolas/colegio-antonio-cruz,,Paramirim,-,,COC (Arco),BA,,,
93,5285533392,COLÉGIO ASTER,https://www.coc.com.br/nossas-escolas/colegio-aster,Karen Bustamante,Balneário Camboriú,(47) 3367-5364,,COC (Arco),SC,1.0,,
94,5285615678,COLÉGIO ATENA,https://www.coc.com.br/nossas-escolas/colegio-atena,Karen Bustamante,Araxá,(34) 3662-6100,,COC (Arco),MG,1.0,,
95,5285554006,COLÉGIO ÁTOMO - EM,https://www.colatomo.com.br/,Karen Bustamante,Presidente Prudente,(18) 3908-4844,,COC (Arco),SP,1.0,,
96,5285541965,COLEGIO BATISTA ,https://pt-br.facebook.com/Colegiobatistaitacare,Karen Bustamante,Itacaré,(73) 3251-3439,,COC (Arco),BA,1.0,,
97,5285552704,COLÉGIO BIOMÁXIMO,https://biomaximo.com.br/,Karen Bustamante,Montes Claros,(38) 3222-3801,,COC (Arco),MG,1.0,,
98,5285536882,COLÉGIO APOGEU,http://www.colegioapogeu.g12.br/,,Palmital,(18) 3351-4204,,COC (Arco),SP,1.0,,
99,5285549004,COLÉGIO APROV,https://www.coc.com.br/nossas-escolas/colegio-aprov,,Catalão,(64) 3411-3535,,COC (Arco),GO,1.0,,
100,5285515715,COLÉGIO APROV IPAMERI,https://www.coc.com.br/nossas-escolas/colegio-aprov-ipameri,,Ipameri,(64) 3491-4949,,COC (Arco),GO,1.0,,
101,5285524208,COLÉGIO ARAGUAIA,http://www.colegioaraguaia.com.br/,,Aparecida de Goiânia,(62) 3283-2802,,COC (Arco),GO,1.0,,
102,5285533397,COLÉGIO ASSOCIADOS DA ILHA,http://ilha.notredame.org.br/,,Rio de Janeiro,-,,COC (Arco),RJ,1.0,,
103,5285520261,COLÉGIO ASSUNÇÃO,https://www.colegioassuncao.com.br/,,Salvador,(71) 3328-7107,,COC (Arco),BA,1.0,,
104,5285538222,COLÉGIO CANTINHO DA SABEDORIA,https://www.coc.com.br/nossas-escolas/colegio-cantinho-da-sabedoria,,Nossa Senhora da Glória,(79) 3411-1537,,COC (Arco),SE,1.0,,
105,5284588275,COLÉGIO CENEL,http://www.cenel.com.br/,Karen Bustamante,Brasília,(61) 3483-5257,,COC (Arco),DF,1.0,,
106,5285552694,COLÉGIO CETK,https://www.cetk.com.br/,Karen Bustamante,Palhoça,(48) 3033-3099,,COC (Arco),SC,1.0,,
107,5285546870,COLÉGIO CIDADE DE CARANGOLA,https://querobolsa.com.br/escolas/colegio-cidade-de-carangola,,Carangola,-,,COC (Arco),MG,,,
108,5285549011,COLÉGIO CIDADE NOVA MATRIZ,http://www.cedemi.com.br/,,Cidade Nova IV,-,,COC (Arco),PA,,,
109,5285524202,COLÉGIO COC IMPERATRIZ,http://www.cocimperatriz.com.br/,Karen Bustamante,Imperatriz,(99) 3524-6811,,COC (Arco),MA,1.0,,
110,5285536880,COLÉGIO COC JARDIM BOTÂNICO,https://cocjardimbotanico.com.br/,Nicole Oliveira,Brasília,(61) 3254-7323,,COC (Arco),DF,1.0,,
111,5285515707,COLÉGIO COC NOVO MUNDO,http://cocnovomundo.com.br/wp/,Caroline Zilker,Praia Grande,(13) 3491-4191,,COC (Arco),SP,1.0,,
112,5285554003,COLÉGIO COC SJC UNIDADE SUL,https://www.coc.com.br/nossas-escolas/colegio-coc-sjc-unidade-sul,,São José dos Campos,-,,COC (Arco),SP,,,
113,5285517349,COLÉGIO COC TERESINA,https://cocteresina.com.br/,Karen Bustamante,Teresina,(86) 3232-5087,,COC (Arco),PI,1.0,,
114,5285614435,COLÉGIO COC VILA YARA (EI/EM),https://www.coc.com.br/nossas-escolas/colegio-coc-vila-yara-ei-em,Karen Bustamante,Osasco,(11) 3681-8000,,COC (Arco),SP,1.0,,
115,5285534746,COLÉGIO BOM SAMARITANO,https://www.coc.com.br/nossas-escolas/colegio-bom-samaritano,Karen Bustamante,Ipuã,(16) 3832-2800,,COC (Arco),SP,1.0,,
116,5285531178,COLÉGIO COC VILA YARA (PV),https://www.coc.com.br/nossas-escolas/colegio-coc-vila-yara-pv,,Osasco,(11) 3681-8000,,COC (Arco),SP,1.0,,
117,5285614426,COLÉGIO CONHECER,https://colegioconhecer.com/,Karen Bustamante,São Mateus,(27) 3763-1142,,COC (Arco),ES,1.0,,
118,5285615674,COLÉGIO COOPERATIVO,https://www.coc.com.br/nossas-escolas/colegio-cooperativo,,Porto Ferreira,-,,COC (Arco),SP,,,
119,5285629516,COLÉGIO CORAÇÃO IMACULADO DE MARIA,https://www.coc.com.br/nossas-escolas/colegio-coracao-imaculado-de-maria,Nicole Oliveira,José Bonifácio,(17) 3245-2049,,COC (Arco),SP,1.0,,
120,5285538215,COLÉGIO COSTA AGUIAR,https://colegiocostaaguiar.com.br/,Karen Bustamante,São Paulo,(11) 2721-5720,,COC (Arco),SP,1.0,,
121,5285627627,COLÉGIO COSTA AGUIAR ARICANDUVA,https://colegiocostaaguiar.com.br/,,São Paulo,(11) 2721-5720,,COC (Arco),SP,,,
122,5285545154,COLÉGIO COSTA AGUIAR BABY,https://colegiocostaaguiar.com.br/,,São Paulo,(11) 2093-8444,,COC (Arco),SP,,,
123,5285538220,COLÉGIO CSA MARÍLIA,https://www.facebook.com/csamarilia/,,Marília,(14) 3401-1120,,COC (Arco),SP,1.0,,
124,5285538230,COLÉGIO DA UNIVERSIDADE DA REGIÃO DA CAMPANHA SANTANA DO LIVRAMENTO,https://www.coc.com.br/nossas-escolas/colegio-da-universidade-da-regiao-da-campanha-santana-do-livramento,,Sant'Ana do Livramento,-,,COC (Arco),RS,1.0,,
125,5285545152,COLÉGIO DA URCAMP/SG,https://www.urcamp.edu.br/ensino/educacao-basica/colegio-da-urcamp-sao-gabriel,,São Gabriel,-,,COC (Arco),RS,1.0,,
126,5285515717,COLÉGIO DELOS,https://colegiodelos.com/,,Aparecida de Goiânia,(62) 3288-5770,,COC (Arco),GO,1.0,,
127,5285629508,COLÉGIO DELTA,http://deltamuzambinho.com.br/,,Muzambinho,(35) 3571-1747,,COC (Arco),MG,1.0,,
128,5285629514,COLÉGIO DINÂMICO COC SIST.,https://www.coc.com.br/nossas-escolas/colegio-dinamico-coc-sist,,Cruzeiro,(12) 3144-2668,,COC (Arco),SP,1.0,,
129,5285536877,COLÉGIO DIOCESANO,http://colegiodiocesano.com.br/,,Itumbiara,(64) 3431-2643,,COC (Arco),GO,1.0,,
130,5285666084,COLÉGIO EDUCAR ACREÚNA,https://www.facebook.com/educaracreuna/,Karen Bustamante,Acreúna,(64) 3645-1143,,COC (Arco),GO,1.0,,
131,5284588281,COLÉGIO EDUCAR RIO VERDE,https://www.coc.com.br/nossas-escolas/colegio-educar-rio-verde,Karen Bustamante,Rio Verde,(64) 3624-2638,,COC (Arco),GO,1.0,,
132,5285552706,COLÉGIO EDUKANDARIUM MONDINI,https://edukandariummondini.com.br/,Karen Bustamante,São Paulo,(11) 2280-2435,,COC (Arco),SP,1.0,,
133,5285629518,COLÉGIO EDUKANDARIUM MONDINI - UNIDADE I E II,https://edukandariummondini.com.br/,Karen Bustamante,São Paulo,(11) 2280-2435,,COC (Arco),SP,1.0,,
134,5285520259,COLÉGIO ELO,https://colegioelo.com.br/,Karen Bustamante,Recife,(81) 3134-9494,,COC (Arco),PE,1.0,,
135,5285636028,COLÉGIO DIOCESANO LA SALLE,https://lasalle.edu.br/saocarlos,,São Carlos,(16) 2107-5100,,COC (Arco),SP,,,
136,5285541970,COLÉGIO DIPLOMATA,https://www.coc.com.br/nossas-escolas/colegio-diplomata,,Feira de Santana,(75) 3616-0077,,COC (Arco),BA,,,
137,5285536878,COLEGIO DIVINO SALVADOR JUNDIAÍ,https://divinojundiai.com.br/,Nicole Oliveira,Jundiaí,(11) 4588-1365,,COC (Arco),SP,1.0,,
138,5285614431,COLÉGIO DOM BOSCO,http://www.cocguariba.com.br/cocguariba/,Nicole Oliveira,Guariba,(16) 3251-8711,,COC (Arco),SP,1.0,,
139,5285536876,COLÉGIO DOM PEDRO,https://www.dompedro.g12.br/,Karen Bustamante,Taboão da Serra,(11) 4137-8206,,COC (Arco),SP,1.0,,
140,5285550547,COLÉGIO EDUC,https://www.coc.com.br/nossas-escolas/colegio-educacional-de-itau-de-minas,Karen Bustamante,Itaú de Minas,(35) 3536-1395,,COC (Arco),MG,1.0,,
141,5285552697,COLÉGIO EDUCAR,https://www.educamaisbrasil.com.br/escolas/colegio-educar-de-miguelopolis,Karen Bustamante,Miguelópolis,-,,COC (Arco),SP,1.0,,
142,5285549005,COLÉGIO EQUIPE GRAU - NILÓPOLIS,http://equipegrau.com.br/,Karen Bustamante,Nilópolis,(21) 2691-6296,,COC (Arco),RJ,1.0,,
143,5285534749,COLÉGIO EQUIPE GRAU - SEC,http://equipegrau.com.br/,Karen Bustamante,Nova Iguaçu,(21) 3776-0561,,COC (Arco),RJ,1.0,,
144,5285546859,COLÉGIO ESPU,http://colegioespucoc.com.br/,,Brasília,(61) 3562-8402,,COC (Arco),DF,1.0,,
145,5284588293,COLÉGIO ESTAÇÃO,http://www.colegioestacao.com/,,Macapá,(96) 99106-9799,,COC (Arco),AP,1.0,,
146,5285533390,COLÉGIO EUCLIDES DA CUNHA,https://www.educamaisbrasil.com.br/escolas/colegio-euclides-da-cunha-flamenguinho,,Cantagalo,(22) 2555-4166,,COC (Arco),RJ,1.0,,
147,5284588290,COLÉGIO EUCLIDES DA CUNHA,https://www.colegioeuclides.com.br/,,Ilha Solteira,(18) 3742-2619,,COC (Arco),SP,1.0,,
148,5285538217,COLÉGIO EVOLUÇÃO MARICÁ,https://www.coc.com.br/nossas-escolas/colegio-evolucao-marica,,São Bento da Lagoa Itaipuacu,(21) 2638-8093,,COC (Arco),RJ,1.0,,
149,5285666089,COLÉGIO EVOLUÇÃO SÃO LUDGERO,https://www.coc.com.br/nossas-escolas/colegio-evolucao-sao-ludgero,,São Ludgero,(48) 3657-1213,,COC (Arco),SC,1.0,,
150,5285534737,COLÉGIO EXATHUM - UNIDADE CENTRO,https://www.exathum.com.br/,,Joinville,(47) 3433-9300,,COC (Arco),SC,1.0,,
151,5284588277,COLÉGIO EXCELÊNCIA,https://www.facebook.com/colegioexcelenciacacule/,,Copacabana,-,,COC (Arco),BA,1.0,,
152,5285636035,COLÉGIO EXCELÊNCIA ARIQUEMES,http://www.colegioexcelenciaro.com.br/,,Ariquemes,(69) 98455-1924,,COC (Arco),RO,1.0,,
153,5285531173,COLÉGIO ENSINE ARAGUAÍNA,https://afnoticias.com.br/com-educacao-financeira-colegio-de-araguaina-ensina-alunos-a-manter-equilibrio-dos-gastos,,Araguaína,(63) 3413-0500,,COC (Arco),TO,,,
154,5285629513,COLÉGIO EQUIPE GRAU - MATRIZ/CENTRO,https://www.coc.com.br/nossas-escolas/colegio-equipe-grau-matriz-centro,,Nova Iguaçu,(21) 2667-1188,,COC (Arco),RJ,1.0,,
155,5285550542,COLÉGIO EXPANSÃO DE SANTA MARIA DOS ANJOS,https://www.coc.com.br/nossas-escolas/colegio-expansao-de-santa-maria-dos-anjos,,Quirinópolis,(64) 3651-1237,,COC (Arco),GO,,,
156,5285545158,COLÉGIO FAG COC,https://www.colegiofag.com.br/,,FAG,-,,COC (Arco),PR,1.0,,
157,5285627625,COLÉGIO FAMA,https://www.colegiofama.com.br/,Karen Bustamante,Iturama,(34) 3411-9700,,COC (Arco),MG,1.0,,
158,5285524209,COLÉGIO FATO,https://colegiofato.com/,,Cuiabá,-,,COC (Arco),MT,2.0,,
159,5284588291,COLÉGIO FUTURO PRADÓPOLIS,https://www.coc.com.br/nossas-escolas/colegio-futuro-pradopolis,,Pradópolis,-,,COC (Arco),SP,,,
160,5285615682,COLÉGIO GALILEU COC,https://www.coc.com.br/nossas-escolas/colegio-galileu-coc,,Santa Cruz das Palmeiras,(19) 3672-4661,,COC (Arco),SP,1.0,,
161,5285515714,COLÉGIO GARDNER,http://colegiogardner.com.br/,,São José,(48) 3259-0167,,COC (Arco),SC,1.0,,
162,5285541971,COLÉGIO GÊNESIS,https://pt-br.facebook.com/colegiogenesiscoc/,,Itajubá,(35) 3622-4331,,COC (Arco),MG,1.0,,
163,5285538218,COLÉGIO GENESIS RESENDE,https://www.educamaisbrasil.com.br/escolas/colegio-genesis-de-resende,,Resende,-,,COC (Arco),RJ,1.0,,
164,5285540102,COLÉGIO GENIUS,https://pt-br.facebook.com/campinascolegiogenius,,Campinas,(19) 3009-5500,,COC (Arco),SP,,,
165,5285533393,COLÉGIO GERAÇÃO VALPARAÍSO,https://erp.education1.com.br/gv/resp20,,Valparaíso,(18) 3401-1065,,COC (Arco),SP,1.0,,
166,5285546866,COLÉGIO GIRASSOL,https://pt-br.facebook.com/girassol.coc/,,Avanhandava,(18) 3651-1314,,COC (Arco),SP,1.0,,
167,5285548999,COLÉGIO JEAN PIAGET COC,http://cocpiaget.com.br/,,Ourinhos,(14) 3326-7701,,COC (Arco),SP,1.0,,
168,5285538227,COLÉGIO JOSÉ CORREIA VIANNA,https://www.coc.com.br/nossas-escolas/colegio-jose-correia-vianna,,União dos Palmares,(82) 3281-1134,,COC (Arco),AL,1.0,,
169,5285552703,COLÉGIO JP,http://www.jpcentro.com.br/,,Presidente Prudente,(18) 3906-3296,,COC (Arco),SP,1.0,,
170,5285536881,ESCOLA COC ITAPOÁ,https://www.coc.com.br/nossas-escolas/colegio-excelencia-educacional-itapoa,Karen Bustamante,Itapoá,(47) 3443-2279,,COC (Arco),SC,1.0,,
171,5285627633,COC CUBATÃO EVOLUÇÃO,http://coccubatao.com.br/,,Cubatão,(13) 3372-5506,,COC (Arco),SP,,,
172,5285518783,COC JACUNDÁ,https://www.coc.com.br/nossas-escolas/colegio-inovar,,Jacundá,-,,COC (Arco),PA,1.0,,
173,5285546864,COLÉGIO ÍCONE,https://colegioicone.com.br/,,Montes Claros,(38) 3212-1168,,COC (Arco),MG,1.0,,
174,5285518777,COLÉGIO IMPACTO BRASÍLIA,https://www.coc.com.br/nossas-escolas/colegio-impacto-brasilia,,Praça Interna,(61) 3011-5054,,COC (Arco),DF,1.0,,
175,5285538212,COLÉGIO IMPACTO PORANGATU,https://impactoporangatu.com.br/,,Centro,(62) 3362-1465,,COC (Arco),GO,1.0,,
176,5285553997,COLÉGIO INTEGRADO JEAN PIAGET,https://www.coc.com.br/nossas-escolas/colegio-integrado-jean-piaget,,Jacutinga,(35) 3443-2031,,COC (Arco),MG,,,
177,5285554001,COLÉGIO INTEGRADO SÃO FRANCISCO,http://sfrancisco.com.br/,,Mogi Guaçu,(19) 3841-6405,,COC (Arco),SP,1.0,,
178,5285520252,COLÉGIO INTERATIVO - COIN,https://www.colegiocoin.com.br/,,Pindamonhangaba,(12) 3645-5010,,COC (Arco),SP,1.0,,
179,5285549000,COLÉGIO INTERATIVO CATANDUVA,https://pt-br.facebook.com/coccatanduva/,,Catanduva,-,,COC (Arco),SP,1.0,,
180,5285533385,COLÉGIO INTERATIVO DE CRUZEIRO,https://www.educamaisbrasil.com.br/escolas/colegio-interativo-de-cruzeiro-coc-sistema-de-ensino,,Cruzeiro,(12) 3966-1187,,COC (Arco),SP,,,
181,5285528549,COLÉGIO IREI,http://www.ireieducar.com.br/,,São Paulo,-,,COC (Arco),SP,,,
182,5285545161,COLÉGIO LANTAGI,https://lantagi.com.br/,,Registro,(13) 3821-2163,,COC (Arco),SP,1.0,,
183,5285549003,COLÉGIO LE PERINI,https://www.leperini.com.br/,Karen Bustamante,Indaiatuba,(19) 3875-4731,,COC (Arco),SP,1.0,,
184,5285533400,COLÉGIO LEONARDO DA VINCI,https://pt-br.facebook.com/davincipatos,,Patos de Minas,(34) 3826-8300,,COC (Arco),MG,1.0,,
185,5285545148,COLÉGIO LITTERATUS,http://www.litteratus.com.br/,,Itatiba,(11) 98496-1004,,COC (Arco),SP,1.0,,
186,5285533391,COLÉGIO LUMINAR,https://www.coc.com.br/nossas-escolas/colegio-luminar,,Jaguarari,(74) 99932-7555,,COC (Arco),BA,,,
187,5285515708,COLÉGIO MALTA,https://pt-br.facebook.com/Col%C3%A9gio-Malta-2167564579937444/,Karen Bustamante,Lagoa da Prata,(37) 3261-5849,,COC (Arco),MG,1.0,,
188,5285627622,COLÉGIO MARCELINO BERALDO,https://www.coc.com.br/nossas-escolas/colegio-marcelino-beraldo,,Campina Grande do Sul,(41) 3679-1580,,COC (Arco),PR,1.0,,
189,5285552696,COLÉGIO JR,http://colegiojr.com.br/,,Santa Maria da Vitória,(77) 3483-2610,,COC (Arco),BA,1.0,,
190,5284588289,COLÉGIO KOLPING,https://www.coc.com.br/nossas-escolas/colegio-kolping,,Ribeira do Pombal,(75) 3276-3013,,COC (Arco),BA,1.0,,
191,5285541962,COLÉGIO LA SALLE DE BOTUCATU,https://lasalle.edu.br/botucatu,Karen Bustamante,Botucatu,(14) 3811-2700,,COC (Arco),SP,1.0,,
192,5285636020,COLÉGIO MASTERBABY VOTORANTIM,http://www.colegiomasterbaby.com.br/,,Votorantim,-,,COC (Arco),SP,1.0,,
193,5285629505,COLÉGIO MB,https://www.coc.com.br/nossas-escolas/colegio-mb,,Santo André,(11) 4453-8447,,COC (Arco),SP,1.0,,
194,5285545150,COLÉGIO MEDIANEIRA,http://www.sibmedianeira.com.br/,,Barra do Piraí,(24) 2442-0026,,COC (Arco),RJ,1.0,,
195,5285627628,COLÉGIO MEIRELLES LEME,https://www.coc.com.br/nossas-escolas/colegio-meirelles-leme,Karen Bustamante,São Paulo,(11) 3714-5684,,COC (Arco),SP,1.0,,
196,5285528534,COLÉGIO MEU CAMINHO,https://www.coc.com.br/nossas-escolas/colegio-meu-caminho,,Espírito Santo do Pinhal,(19) 3651-6248,,COC (Arco),SP,1.0,,
197,5285546860,COLÉGIO MILLENIUM,https://www.coc.com.br/nossas-escolas/colegio-millenium,,Conceição do Jacuípe,(75) 3243-2288,,COC (Arco),BA,,,
198,5285552701,COLÉGIO MONTEIRO LOBATO,https://www.coc.com.br/nossas-escolas/colegio-monteiro-lobato,,Santa Helena de Goiás,(64) 3641-6425,,COC (Arco),GO,1.0,,
199,5285518778,COLÉGIO MONTEIRO LOBATO JAGUAQUARA,https://www.coc.com.br/nossas-escolas/colegio-monteiro-lobato-jaguaquara,,Jaguaquara,-,,COC (Arco),BA,1.0,,
200,5285528547,COLÉGIO MONTEIRO LOBATO NAZARÉ,https://www.coc.com.br/nossas-escolas/colegio-monteiro-lobato-nazare,,Nazaré,(75) 3636-1565,,COC (Arco),BA,1.0,,
201,5285615675,COLÉGIO MONTEIRO LOBATO PATROCÍNIO,https://pt-br.facebook.com/colegiomonteirolobatopatrociniomg,Karen Bustamante,Patrocínio,(34) 3831-4745,,COC (Arco),MG,1.0,,
202,5285534738,COLÉGIO MONTEIRO LOBATO PERUÍBE,https://colegiomlobatococ.com.br/,,Peruíbe,(13) 3455-7560,,COC (Arco),SP,1.0,,
203,5285517348,COLÉGIO MORAES,https://colegiomoraes.com.br/,,Americana,(19) 3468-7373,,COC (Arco),SP,1.0,,
204,5285520257,COLÉGIO MORAES GUALBERTO,https://www.coc.com.br/nossas-escolas/colegio-moraes-gualberto,,Planaltina,(61) 3637-1490,,COC (Arco),GO,1.0,,
205,5285518774,COLÉGIO N. SRA. DE LOURDES,http://www.cnsl.com.br/,,Farroupilha,(54) 3906-8000,,COC (Arco),RS,,,
206,5285538214,COLÉGIO MASTER BESSA,http://colegiomasterbessa.com.br/,,João Pessoa,(83) 3021-1222,,COC (Arco),PB,1.0,,
207,5285540089,COLÉGIO NAHIM AHMAD,https://colegioahmad.com.br/,,Guarulhos,(11) 2440-1800,,COC (Arco),SP,1.0,,
208,5285534736,COLÉGIO NASCIMENTO,http://www.colegionascimento.com.br/,,São Vicente,(13) 3561-5642,,COC (Arco),SP,,,
209,5285615676,COLÉGIO NOSSA SENHORA APARECIDA,https://pt-br.facebook.com/cnsadf,,Santa Maria,(61) 3395-1952,,COC (Arco),DF,,,
210,5285520247,COLÉGIO NOSSA SENHORA DA GLORIA,http://www.colegionsgloria.com.br/,,Francisco Beltrão,(46) 3520-5300,,COC (Arco),PR,1.0,,
211,5285540099,COLÉGIO NOSSA SENHORA DAS MERCÊS,https://www.coc.com.br/nossas-escolas/colegio-nossa-senhora-das-merces,,São Raimundo Nonato,(89) 3582-1683,,COC (Arco),PI,,,
212,5285550538,COLÉGIO NOSSA SENHORA DO CARMO,http://www.nscituverava.com.br/,,Ituverava,(16) 3729-9000,,COC (Arco),SP,,,
213,5285546873,COLÉGIO NOVA ESTRELA GUIA,http://www.escolanovaestrelaguia.com.br/,,Itaquera,(11) 2944-4301,,COC (Arco),SP,1.0,,
214,5285627630,COLÉGIO NOVO IDEAL,http://www.colegionovoideal.com.br/,,São Paulo,(11) 2640-7206,,COC (Arco),SP,1.0,,
215,5285531186,COLÉGIO NUNILA MACHADO,https://www.coc.com.br/nossas-escolas/colegio-nunila-machado,,São Miguel dos Campos,(82) 3271-1779,,COC (Arco),AL,1.0,,
216,5285545155,COLÉGIO OLIMPUS,http://www.colegioolimpus.com.br/,,Arapongas,(43) 3172-4900,,COC (Arco),PR,1.0,,
217,5285636024,COLÉGIO ÔMEGA,https://www.coc.com.br/nossas-escolas/colegio-omega,,Coromandel,(34) 3841-1584,,COC (Arco),MG,,,
218,5285522192,COLÉGIO PALLAS ATHENA,https://pt-br.facebook.com/ColegioPallasAthena,,Guapiaçu,(17) 3267-1097,,COC (Arco),SP,1.0,,
219,5284588276,COLÉGIO PAULA FRASSINETTI,https://colegiopaulafrassinetti.com.br/,,São Sebastião do Paraíso,(35) 3531-1797,,COC (Arco),MG,1.0,,
220,5285548996,COLÉGIO PAULÍNIA,https://www.coc.com.br/nossas-escolas/colegio-paulinia,,Paulínia,-,,COC (Arco),SP,,,
221,5285550548,COLÉGIO PEQUENO PRÍNCIPE - EM,https://colegiopeqprincipe.com.br/,,Taquaritinga,(16) 3253-1627,,COC (Arco),SP,,,
222,5285541974,COLÉGIO FEC,https://www.facebook.com/feccoxim/,,Coxim,(67) 3291-4691,,COC (Arco),MS,1.0,,
223,5285552693,COLÉGIO OMEGA GOIÁS,http://www.colegiomegapls.com.br/,,Palmeiras de Goiás,(64) 3571-1556,,COC (Arco),GO,,,
224,5285534739,COLÉGIO OPÇÃO,https://copcao.com.br/,,Niterói,(21) 2625-5839,,COC (Arco),RJ,,,
225,5285666090,COLEGIO OPCAO,http://colegioopcao.com/,,Vitória da Conquista,-,,COC (Arco),BA,1.0,,
226,5285531182,COLEGIO OPCAO & CONHECIMENTO,http://grupoeducacionalopcao.com.br/,Karen Bustamante,Monte Alto,-,,COC (Arco),SP,1.0,,
227,5285636023,COLÉGIO OSVALDO CRUZ,https://pt-br.facebook.com/pages/category/Private-School/Col%C3%A9gio-Osvaldo-CRUZ-136536669841748/,,Tucuruí,(94) 98134-3192,,COC (Arco),PA,1.0,,
228,5285517343,COLÉGIO PIASO,https://www.colegiopiaso.com.br/,,Diadema,(11) 4077-2471,,COC (Arco),SP,1.0,,
229,5285666081,COLÉGIO PLANETA FELIZ,https://www.coc.com.br/nossas-escolas/colegio-planeta-feliz,,Tijucas,(48) 3263-2360,,COC (Arco),SC,1.0,,
230,5285518773,COLÉGIO PLUS COC,https://www.colegioplus.net/,,Barretos,(17) 3321-7575,,COC (Arco),SP,1.0,,
231,5285528545,COLÉGIO POLEGATTO,https://www.coc.com.br/nossas-escolas/colegio-polegato,,Dumont,-,,COC (Arco),SP,1.0,,
232,5285550540,COLÉGIO PORTINARI,https://www.colegioportinari.com/historia,,Lençóis Paulista,(14) 3264-6482,,COC (Arco),SP,1.0,,
233,5285614420,COLEGIO PROBO COC,https://www.coc.com.br/nossas-escolas/colegio-probo-coc,Karen Bustamante,Livramento de Nossa Senhora,-,,COC (Arco),BA,1.0,,
234,5285629509,COLÉGIO PROFA. YEDA MARIA,http://www.colegioyedamaria.com.br/,,Guarujá,(13) 3386-7390,,COC (Arco),SP,1.0,,
235,5285517346,COLÉGIO PRÓUNI,https://colegioprouni.com.br/,,Campos dos Goytacazes,(22) 2733-4104,,COC (Arco),RJ,1.0,,
236,5285636033,COLÉGIO REFERENCE,https://www.facebook.com/colegioreference/,,Laranjeiras do Sul,(42) 99921-0857,,COC (Arco),PR,1.0,,
237,5285520258,COLÉGIO RODIN,https://colegiorodin.com.br/,,Indaiatuba,(19) 3392-6008,,COC (Arco),SP,1.0,,
238,5285515704,COLÉGIO SANTA BÁRBARA - UNIDADE III,http://www.santabarbaracolegio.com.br/,,Bragança Paulista,-,,COC (Arco),SP,,,
239,5285552690,COLÉGIO SANTA ROSÁLIA,https://cocsorocaba.com.br/,,Sorocaba,(15) 3032-1111,,COC (Arco),SP,,,
240,5285515706,COLÉGIO SANTA TERESINHA,https://santateresinhacolegio.com.br/,,Formiga,(37) 3322-1366,,COC (Arco),MG,2.0,,
241,5285538216,COLÉGIO SANTA TEREZINHA,https://www.colegiostaterezinha.com.br/,,Florianópolis,(48) 3269-3032,,COC (Arco),SC,,,
242,5285533394,COLÉGIO SANTO ANTÔNIO,https://www.santoantonioinesa.com.br/,,Valparaíso de Goiás,(61) 3627-3516,,COC (Arco),GO,1.0,,
243,5285615673,COC EPITÁCIO,https://www.coc.com.br/nossas-escolas/colegio-sao-francisco-de-presidente-epitacio,Victor Hugo Carvalho Cabral dos Santos,Presidente Epitácio,-,,COC (Arco),SP,1.0,,
244,5285524196,COC PASSOS,http://cocpassos.com.br/,,Passos,-,,COC (Arco),MG,1.0,,
245,5285615669,COLÉGIO JOSÉ ROMÃO,https://pt-br.facebook.com/c.joseromao/,,Sobral,(88) 3614-2301,,COC (Arco),CE,1.0,,
246,5285522190,COLÉGIO ROSA MÍSTICA,https://www.coc.com.br/nossas-escolas/colegio-rosa-mistica,,Arapiraca,(82) 3521-4495,,COC (Arco),AL,1.0,,
247,5285614423,COLÉGIO SAGRADO CORAÇÃO DE JESUS,https://www.coc.com.br/nossas-escolas/colegio-sagrado-coracao-de-jesus,,Araguari,(34) 3242-7555,,COC (Arco),MG,,,
248,5285615670,COLÉGIO SAGRADO CORAÇÃO DE JESUS NOVO HORIZONTE,https://www.coc.com.br/nossas-escolas/colegio-sagrado-coracao-de-jesus-novo-horizonte,,Novo Horizonte,-,,COC (Arco),SP,,,
249,5285531183,COLÉGIO SANTA BÁRBARA - UNIDADE II,http://www.santabarbaracolegio.com.br/,,Bragança Paulista,(11) 4032-0833,,COC (Arco),SP,,,
250,5285536875,COLÉGIO SANTO ANTONIO DE JESUS,https://www.coc.com.br/nossas-escolas/colegio-santo-antonio-de-jesus,,Santo Antônio de Jesus,-,,COC (Arco),BA,,,
251,5284588272,COLÉGIO SÃO CARLOS,http://www.colegiosaocarlos.com.br/,,Caxias do Sul,(54) 3220-3700,,COC (Arco),RS,,,
252,5285541966,COLÉGIO SÃO DOMINGOS SÁVIO,https://www.coc.com.br/nossas-escolas/colegio-sao-domingos-savio,,Itapetininga,(15) 3537-9005,,COC (Arco),SP,,,
253,5285549008,COLÉGIO SÃO FRANCISCO,http://csfba.com.br/csf/,,Alagoinhas,(75) 3031-2495,,COC (Arco),BA,,,
254,5285536869,COLÉGIO SÃO JOÃO EVANGELISTA,https://csje.com.br/,,Itamaraju,(73) 3294-1009,,COC (Arco),BA,1.0,,
255,5285546869,COLÉGIO SÃO MATEUS,https://colegiosaomateus.com/,,Boca da Mata,(82) 3279-1372,,COC (Arco),AL,1.0,,
256,5285546867,COLÉGIO SÃO TOMAS DE AQUINO,https://www.coc.com.br/nossas-escolas/colegio-sao-tomas-de-aquino,,Viçosa,(82) 3283-1455,,COC (Arco),AL,,,
257,5285553993,COLÉGIO SER E CRESCER DE NOVA IGUAÇU,https://www.coc.com.br/nossas-escolas/colegio-ser-e-crescer-de-nova-iguacu,,Nova Iguaçu,(21) 3776-0561,,COC (Arco),RJ,1.0,,
258,5285522181,COLÉGIO SINERGIA,https://www.sinergia.edu.br/,,Navegantes,(47) 3342-9700,,COC (Arco),SC,,,
259,5285541968,COLÉGIO SINODAL PROGRESSO,https://www.sinodalprogresso.com.br/cursos-tecnicos,Karen Bustamante,Montenegro,(51) 3057-2318,,COC (Arco),RS,1.0,,
260,5285540085,COLÉGIO SOCIAL DE VALENÇA,https://www.coc.com.br/nossas-escolas/colegio-social-de-valenca,,Valença,(75) 3641-4722,,COC (Arco),BA,1.0,,
261,5285629510,COLÉGIO TOP GUN MATRIZ,https://www.facebook.com/ColegioTopGun/,,São José dos Pinhais,(41) 3096-3344,,COC (Arco),PR,,,
262,5285666087,COLÉGIO TOP GUN SÃO JOSÉ DOS PINHAIS,https://www.facebook.com/ColegioTopGun/,,São José dos Pinhais,(41) 3096-3344,,COC (Arco),PR,,,
263,5285528541,DE GRAU EM GRAU COC,https://www.coc.com.br/nossas-escolas/de-grau-em-grau-coc,,São José do Rio Pardo,-,,COC (Arco),SP,,,
264,5285629519,COC TAMBAÚ,https://www.coc.com.br/nossas-escolas/escola-arco-iris,,Tambaú,-,,COC (Arco),SP,1.0,,
265,5285517337,COLÉGIO NEC,https://www.necdocevida.com.br/,,Jardinópolis,(16) 3763-0683,,COC (Arco),SP,1.0,,
266,5285528537,COLÉGIO TRILINGUE INOVAÇÃO,https://www.colegioinovacao.com.br/novo/index.php,,Chapecó,(49) 3322-4422,,COC (Arco),SC,2.0,,
267,5285541967,COLÉGIO VALE DO ARAGUAIA,https://www.coc.com.br/nossas-escolas/colegio-vale-do-araguaia,,Vila Rica,(66) 3554-1479,,COC (Arco),MT,,,
268,5285666082,COLÉGIO VICENTINO IMACULADO CORAÇÃO DE MARIA,https://colegioincomar.com.br/,,Toledo,-,,COC (Arco),PR,1.0,,
269,5285627623,COLÉGIO VITÓRIA,https://www.coc.com.br/nossas-escolas/colegio-vitoria,Karen Bustamante,Brasília,(61) 3533-5300,,COC (Arco),DF,1.0,,
270,5285518776,COMPASSO,https://www.educamaisbrasil.com.br/escolas/colegio-compasso-catu,,Catu,(71) 3641-2020,,COC (Arco),BA,,,
271,5285615681,COOPEVI,https://www.coc.com.br/nossas-escolas/coopevi,,Vilhena,(69) 3321-1386,,COC (Arco),RO,,,
272,5285540097,CURSO PRIME,https://www.guiamais.com.br/londrina-pr/cursos-treinamentos-e-escolas-especializadas/cursos-pre-vestibulares/16139563-1/curso-prime-med,,GLEBA FAZENDA PALHANO,(43) 3025-1020,,COC (Arco),PR,1.0,,
273,5284588278,CURUMBIM COC,https://www.coc.com.br/nossas-escolas/curumbim-coc,,Avaré,(14) 3733-4291,,COC (Arco),SP,1.0,,
274,5285540098,DIOCESANO SANT'ANA,https://pt-br.facebook.com/edsmonsenhorfelix,,Santana,(77) 3484-2123,,COC (Arco),BA,,,
275,5284588279,DOM,http://esquinapentecostal.blogspot.com/2018/03/dons-de-poder-fe-curar-e-operacao-de.html,,Maravilha,-,,COC (Arco),SC,1.0,,
276,5285522189,DOMINUS,https://www.dominos.com.br/,,Recife,-,,COC (Arco),PE,,,
277,5285518781,E.E.I. MIUDINHO,https://www.coc.com.br/nossas-escolas/e-e-i-miudinho,,São Paulo,(11) 2972-7799,,COC (Arco),SP,,,
278,5285550537,EDUCANDÁRIO DE MARIA IDEALIZAR,https://www.coc.com.br/nossas-escolas/educandario-de-maria-idealizar,,Brasília,-,,COC (Arco),DF,1.0,,
279,5285548998,EDUCANDARIO IMACULADO CORACAO DE MARIA,http://escolas.educacao.ba.gov.br/node/13259,,Amélia Rodrigues,(75) 3242-1565,,COC (Arco),BA,,,
280,5285533388,EFIGÊNIA VIDIGAL COC - UNIDADE II,https://www.coc.com.br/nossas-escolas/efigenia-vidigal-coc-unidade-ii,,Belo Horizonte,(31) 3277-9146,,COC (Arco),MG,,,
281,5285615671,ENSINO ESCOLAR DOM BOSCO,https://www.dommga.com.br/,,Maringá,-,,COC (Arco),PR,,,
282,5285540087,ESCOLA ATHENAS,https://www.escolaathenas.com.br/,,Uberlândia,(34) 3227-6907,,COC (Arco),MG,1.0,,
283,5285629504,COLÉGIO CESI,https://querobolsa.com.br/escolas/colegio-de-estudos-integrados-cesi,,Manhuaçu,(33) 3332-4563,,COC (Arco),MG,1.0,,
284,5285614422,COLÉGIO CRISTÃO PLGD,https://pt-br.facebook.com/ColegioPLGD/,,Apucarana,(43) 3424-0203,,COC (Arco),PR,,,
285,5285666088,DEHON,https://www.colegiodehon.com.br/,,Tubarão,-,,COC (Arco),SC,1.0,,
286,5285550550,DIDÁTICO BENTO GONÇALVES,https://www.coc.com.br/nossas-escolas/didatico-bento-goncalves,,Bento Gonçalves,(54) 2121-5189,,COC (Arco),RS,,,
287,5285528544,DIDATICO PRE VESTIBULAR,https://pt-br.facebook.com/didaticoprevestibular,,Nova Prata,(54) 2121-5189,,COC (Arco),RS,1.0,,
288,5285615668,ESCOLA ATRIUM,https://www.guiamais.com.br/anapolis-go/escolas-e-colegios/escolas/8951853-2/escola-atrium,,JK Parque Industrial Nova Capital,(62) 3314-5702,,COC (Arco),GO,1.0,,
289,5285538213,ESCOLA ATRIUM,https://www.facebook.com/escola.atriumgo/,Karen Bustamante,Anápolis,(62) 3314-5702,,COC (Arco),GO,1.0,,
290,5285518775,ESCOLA AURORA,http://www.escolaaurora.com.br/,,Vargem Grande Paulista,(11) 4158-3028,,COC (Arco),SP,,,
291,5285533386,ESCOLA CATÃO,https://www.coc.com.br/nossas-escolas/escola-catao,,Imbituba,(48) 3255-6394,,COC (Arco),SC,1.0,,
292,5285546861,ESCOLA CENTRO DO SABER ARCO ÍRIS,https://www.coc.com.br/nossas-escolas/escola-centro-do-saber-arco-iris,,Colíder,(66) 3541-2332,,COC (Arco),MT,1.0,,
293,5285629517,ESCOLA CRISTA DE ESPERA FELIZ - ARCA DE NOE,https://www.coc.com.br/nossas-escolas/escola-crista-de-espera-feliz-arca-de-noe,,Espera Feliz,-,,COC (Arco),MG,,,
294,5285533389,ESCOLA CRISTO REI,https://www.coc.com.br/nossas-escolas/escola-cristo-rei,,Delmiro Gouveia,-,,COC (Arco),AL,,,
295,5285666080,ESCOLA ESTAÇÃO FUTURA,https://www.estacaofutura.com.br/,,Suzano,(11) 94466-1190,,COC (Arco),SP,1.0,,
296,5285534735,ESCOLA FAZ DE CONTA,http://escolafazdeconta.com.br/,,Centro,(41) 3264-5614,,COC (Arco),SP,,,
297,5285615679,ESCOLA FRANCISCANA IMACULADA CONCEIÇÃO,https://www.escolaimaculada.com/,,Dourados,(67) 3421-4741,,COC (Arco),MS,,,
298,5285538219,ESCOLA INTERATIVA,https://www.coc.com.br/nossas-escolas/escola-interativa,,Itapira,-,,COC (Arco),SP,1.0,,
299,5285515710,ESCOLA JARDIM DO EDEN,https://www.escolajardimdoeden.com/,,Anápolis,(62) 3321-4798,,COC (Arco),GO,,,
300,5285515703,ESCOLA JOÃO DE BARRO,https://www.coc.com.br/nossas-escolas/escola-joao-de-barro,,Pojuca,(71) 3645-4911,,COC (Arco),BA,,,
301,5285550543,ESCOLA JOSÉ NOGUEIRA,https://www.coc.com.br/nossas-escolas/escola-jose-nogueira,,Macaúbas,(77) 3473-1552,,COC (Arco),BA,1.0,,
302,5285515711,ESCOLA LÁPIS DE COR,https://www.coc.com.br/nossas-escolas/escola-lapis-de-cor,,Conceição do Jacuípe,(75) 3243-2708,,COC (Arco),BA,,,
303,5285520249,COLÉGIO DOM BOSCO,https://www.dommga.com.br/,,Maringá,-,,COC (Arco),PR,1.0,,
304,5285522188,COLÉGIO NOVA GERAÇÃO,https://colegiocngparanagua.com.br/,,Paranaguá,(41) 3423-2352,,COC (Arco),PR,1.0,,
305,5285515709,ESCOLA DE EDUCAÇÃO PITIGUARI,http://www.escolapitiguari.com.br/,,SOBRADINHO,(61) 99243-7442,,COC (Arco),DF,,,
306,5284588273,ESCOLA DINÂMICA,https://www.colegiodinamicojatai.com.br/,,Jataí,-,,COC (Arco),GO,1.0,,
307,5285614427,ESCOLA DOM,https://www.facebook.com/escoladomanapolis/,,Anápolis,(62) 99267-8340,,COC (Arco),GO,1.0,,
308,5285517340,ESCOLA ESQUINA DO SABER,https://www.facebook.com/EscolaEsquinadoSaber/?rf=564652903703013,,Paraíba do Sul,(24) 2263-3607,,COC (Arco),RJ,1.0,,
309,5285540101,ESCOLA MIGUEL DE CERVANTES,https://www.coc.com.br/nossas-escolas/escola-miguel-de-cervantes,,Manaus,-,,COC (Arco),AM,,,
310,5285550549,ESCOLA NOSSA SENHORA DE FÁTIMA,https://www.ensf.com.br/,,Três Rios,(24) 2252-0039,,COC (Arco),RJ,1.0,,
311,5285540083,ESCOLA PAROQUIAL NOSSA SENHORA APARECIDA,https://www.coc.com.br/nossas-escolas/escola-paroquial-nossa-senhora-aparecida,,Maracaju,(67) 3454-1177,,COC (Arco),MS,,,
312,5285629503,ESCOLA PORTAL DO SABER,https://www.coc.com.br/nossas-escolas/escola-portal-do-saber,,Itapaci,(62) 3361-2267,,COC (Arco),GO,1.0,,
313,5285518779,ESCOLA ROCHEL,https://www.coc.com.br/nossas-escolas/escola-rochel,Karen Bustamante,Ouro Fino,(35) 99573-5662,,COC (Arco),MG,1.0,,
314,5285614434,ESCOLA SABIDINHO SUPREMUS,https://pt-br.facebook.com/sabidinhosupremus/,,Nova Esperança,(44) 3252-5191,,COC (Arco),PR,1.0,,
315,5285614428,ESCOLA SAINT GEORGES,https://www.escolastg.com.br/,,Rio de Janeiro,(21) 2437-8555,,COC (Arco),RJ,1.0,,
316,5285520253,ESCOLA SANTO ÂNGELO,https://www.escolasantoangelo.com.br/,,Ponta Grossa,(42) 3028-0060,,COC (Arco),PR,1.0,,
317,5285518770,ESCOLA ZARA,https://pt-br.facebook.com/escolazara/,,Goiânia,(62) 3923-3434,,COC (Arco),GO,1.0,,
318,5285552702,ESCOLAS NILTON LINS,https://escolasniltonlins.com.br/,,Manaus,(92) 3643-2012,,COC (Arco),AM,1.0,,
319,5285518784,ESPAÇO DO SABER,https://www.coc.com.br/nossas-escolas/espaco-do-saber,,Santo Amaro da Imperatriz,(48) 3245-2512,,COC (Arco),SC,1.0,,
320,5285538229,ETL DE LINS,https://www.etl.edu.br/,,Lins,(14) 3533-3241,,COC (Arco),SP,1.0,,
321,5285515712,ÊXITO CURSOS PRÉ-VESTIBULARES,https://www.coc.com.br/nossas-escolas/exito-cursos-pre-vestibulares,,Joaçaba,(49) 3522-1212,,COC (Arco),SC,1.0,,
322,5285545159,EXPANSIVO UNIDADE QUINTAS,https://www.colegioexpansivo.com/,,Natal,(84) 3653-1063,,COC (Arco),RN,1.0,,
323,5285538225,SOCIEDADE EDUCATIVA EQUILÍBRIO,https://pt-br.facebook.com/sociedadeeducativaequilibrio,,Duartina,(14) 3282-4107,,COC (Arco),SP,1.0,,
324,5285546872,ESCOLA GAIA,https://escolagaia.com.br/,Karen Bustamante,Ubatuba,(12) 3833-9575,,COC (Arco),SP,1.0,,
325,5285666095,ESCOLA SULAMERICANA,https://escolasulamericana.com.br/,,Salvador,(71) 3374-0080,,COC (Arco),BA,1.0,,
326,5285531188,ESCOLA TECNICA DE FORMACAO GERENCIAL - UNIFEMM,https://www.coc.com.br/nossas-escolas/escola-tecnica-de-formacao-gerencial-unifemm,Karen Bustamante,Sete Lagoas,(31) 2106-2106,,COC (Arco),MG,1.0,,
327,5285522184,ESCOLA TÉCNICA VALE DOS CARAJAS,https://pt-br.facebook.com/etvc.pebas,Karen Bustamante,Parauapebas,(94) 3346-8710,,COC (Arco),PA,1.0,,
328,5285666092,ESCOLA UNIVERSO,https://www.coc.com.br/nossas-escolas/escola-universo,,Paragominas,-,,COC (Arco),PA,,,
329,5285518769,ESCOLA UNIVERSO POLO IPIXUNA,https://consultas.plus/lista-de-empresas/para/ipixuna-do-para/13497820000425-escola-universo-de-paragominas-eireli/,Karen Bustamante,Ipixuna do Pará,(91) 98727-6299,,COC (Arco),PA,1.0,,
330,5285528540,ESCOLA UNIVERSO POLO ULIANÓPOLIS,https://cnpj.biz/13497820000344,Karen Bustamante,Ulianópolis,-,,COC (Arco),PA,1.0,,
331,5285536879,GBI,https://www.colegiogbi.com.br/,,Bauru,(14) 3203-8488,,COC (Arco),SP,,,
332,5285531187,GENIUS,https://www.guiaobra.com.br/ofertas/regiao/apiaca-es/50/banheiro-1452/pias-de-banheiro-858/lavatorio-31944,,Apiacá,-,,COC (Arco),ES,,,
333,5285546862,GENIUS CENTRO DE ESTUDOS,https://pt-br.facebook.com/geniusredencao/,Karen Bustamante,Redenção,(94) 99152-7857,,COC (Arco),PA,1.0,,
334,5285534744,GENIUS CURSO PRE VESTIBULAR,https://www.cursogenius.com.br/tag/pre-vestibular/,Karen Bustamante,Sala 19,-,,COC (Arco),TO,1.0,,
335,5285518780,GENTE MIÚDA E ESCOLA IDEAL,https://www.crechegentemiuda.com.br/,Karen Bustamante,Teresópolis,(21) 3099-5548,,COC (Arco),RJ,1.0,,
336,5285627621,GIRASSOL CENTRO EDUCACIONAL,https://colegiogirassolguara.wixsite.com/colegiogirassol,Karen Bustamante,Guaratinguetá,(12) 3132-6345,,COC (Arco),SP,1.0,,
337,5285541973,HAWKING CENTRO DE ESTUDOS,https://www.facebook.com/hawkingcentrodeestudos/,Karen Bustamante,Altamira,(93) 99127-0310,,COC (Arco),PA,1.0,,
338,5285522186,IEC CAMPINAS,https://www.facebook.com/IECInstitutoEducacional/,Karen Bustamante,Campinas,(19) 3266-5044,,COC (Arco),SP,1.0,,
339,5285549006,COC TAQUARAL,https://www.coctaquaral.com.br/,Karen Bustamante,Campinas,(19) 3296-0366,,COC (Arco),SP,2.0,,
340,5285524207,COLÉGIO NOVA GERAÇÃO COC,https://www.cngcoc.com.br/,Karen Bustamante,Primavera do Leste,(66) 99640-1660,,COC (Arco),MT,1.0,,
341,5285636019,EXPANSIVO UNIDADE ZONA NORTE,https://colegioexpansivo.com/unidades.html,,Natal,(84) 3661-4742,,COC (Arco),RN,,,
342,5285522193,EXTERNATO DOUTOR ALBERT SABIN,http://www.colegioalbertsabin.com/,Karen Bustamante,São Gonçalo,(21) 2603-7219,,COC (Arco),RJ,1.0,,
343,5285528538,FEAM COC,https://www.coc.com.br/nossas-escolas/feam-coc,,São Joaquim da Barra,-,,COC (Arco),SP,,,
344,5285522195,INSTITUTO DE EDUCAÇÃO E SABER,https://www.coc.com.br/nossas-escolas/instituto-de-educacao-e-saber,,Mercês,-,,COC (Arco),MG,,,
345,5285520246,INSTITUTO DE EDUCAÇÃO RENASCENÇA,https://www.institutorena.com.br/,Karen Bustamante,Caçapava,(12) 3653-3527,,COC (Arco),SP,1.0,,
346,5285524197,INSTITUTO EDUCACIONAL ADONAI,https://www.coc.com.br/nossas-escolas/instituto-educacional-adonai,Karen Bustamante,Açailândia,-,,COC (Arco),MA,1.0,,
347,5285666093,INSTITUTO EDUCACIONAL NOVO HORIZONTE,https://www.coc.com.br/nossas-escolas/instituto-educacional-novo-horizonte,Karen Bustamante,Estreito,-,,COC (Arco),MA,1.0,,
348,5285533398,INSTITUTO EROS GUSTAVO,https://www.erosgustavo.com.br/,Karen Bustamante,São Caetano,(31) 3397-5497,,COC (Arco),MG,1.0,,
349,5285534742,INSTITUTO MULTIEDUCACIONAL REI SALOMÃO,https://www.escol.as/335610-instituto-multieducacional-rei-salomao,,Boa Vista,(95) 3224-8111,,COC (Arco),RR,,,
350,5285515718,INSTITUTO NOSSA SENHORA DAS GRACAS,https://www.educamaisbrasil.com.br/escolas/nossa-senhora-das-gracas-instituto-educacional-colegio,Karen Bustamante,São Paulo,-,,COC (Arco),SP,1.0,,
351,5285546868,INSTITUTO SOCIAL TUCANO,http://www.escolaisttucano.com.br/,Karen Bustamante,Tucano,(75) 99191-4856,,COC (Arco),BA,1.0,,
352,5285627632,INSTITUTO TOMAS DE AQUINO,https://www.diariocidade.com/go/campinorte/guia/instituto-tomas-de-aquino-15977689000186/,Karen Bustamante,QUADRA 04,(31) 3419-2800,,COC (Arco),GO,1.0,,
353,5285629506,MILÊNIO COC SANTA ROSA,https://www.coc.com.br/nossas-escolas/instituto-educacional-milenio,Karen Bustamante,Santa Rosa de Viterbo,(16) 3954-2524,,COC (Arco),SP,1.0,,
354,5285546863,COC VARGEM GRANDE DO SUL,https://www.instagram.com/coc.vgsul/,Karen Bustamante,Vargem Grande do Sul,-,,COC (Arco),SP,1.0,,
355,5285615672,COLÉGIO MAGISTER ITAÍ,https://www.facebook.com/colegiomagisteritai/,Karen Bustamante,Itaí,(11) 5545-2000,,COC (Arco),SP,1.0,,
356,5285531176,IMPERATRICE COLÉGIO,http://www.colegioimperatrice.com.br/,Karen Bustamante,Caraguatatuba,-,,COC (Arco),SP,1.0,,
357,5284588274,INCENTIVO COC,https://www.coc.com.br/nossas-escolas/incentivo-coc,Karen Bustamante,Fernandópolis,(17) 3442-3999,,COC (Arco),SP,1.0,,
358,5285517344,INTEGRADO SER COLÉGIO,https://www.coc.com.br/nossas-escolas/integrado-ser-colegio,,Pontal,-,,COC (Arco),SP,,,
359,5285549009,INTEGRAL CENTRO DE EDUCAÇÃO E CULTURA,https://www.coc.com.br/nossas-escolas/integral-centro-de-educacao-e-cultura,,Carapicuíba,-,,COC (Arco),SP,,,
360,5285520260,JARDIM ESCOLA SONHO VIVO,https://www.melhorescola.com.br/escola/jardim-escola-sonho-vivo,Karen Bustamante,Macau,-,,COC (Arco),RN,1.0,,
361,5285636018,JAÚ CONEXÃO,http://www.conexaojau.com.br/,Karen Bustamante,Jaú,-,,COC (Arco),SP,1.0,,
362,5285531181,JUNTOS CENTRO EDUCACIONAL,https://consultas.plus/lista-de-empresas/sao-paulo/barretos/39249276000143-juntos-centro-educacional-ltda/,,Barretos,(17) 3321-6411,,COC (Arco),SP,,,
363,5285636025,LICEU BIRIGUI,http://liceubirigui.com.br/,Karen Bustamante,Birigui,(18) 3641-2598,,COC (Arco),SP,1.0,,
364,5285614432,LICEU CARLOS MONTEIRO,https://www.liceucarlosmonteiro.com/,,São Simão,(16) 3984-3693,,COC (Arco),SP,,,
365,5285524201,LICEU SÃO CAETANO,https://liceusaocaetano.com.br/,,São Caetano do Sul,(11) 4238-6332,,COC (Arco),SP,,,
366,5285541960,NEC - NÚCLEO DE EDUCAÇÃO E CULTURA,https://www.coc.com.br/nossas-escolas/nec-nucleo-de-educacao-e-cultura,Karen Bustamante,Jardinópolis,-,,COC (Arco),SP,1.0,,
367,5285541969,ORGANIZAÇÃO SANTA CLARA DE ENSINO UNIFICADO,https://www.coc.com.br/nossas-escolas/organizacao-santa-clara-de-ensino-unificado,Karen Bustamante,Penápolis,(18) 3652-9755,,COC (Arco),SP,1.0,,
368,5285531180,PIERRETT EIRELI,https://consultas.plus/lista-de-empresas/pernambuco/recife/03529032000177-centro-de-ensino-pierrett-eireli/,,Recife,-,,COC (Arco),PE,,,
369,5285554002,PREPARAENEM,https://www.colegiocope.com.br/,,Goiânia,(62) 3089-5400,,COC (Arco),GO,,,
370,5285629502,PRIVEST,https://www.educandarioprimeirospassos.com.br/,,Extrema,(35) 3435-2027,,COC (Arco),MG,,,
371,5285522182,PROFMIX,https://pt-br.facebook.com/ProfMixEI/,Karen Bustamante,Socorro,(19) 3895-7843,,COC (Arco),SP,1.0,,
372,5285528542,REDE ÚNICA DE EDUCAÇÃO,https://www.redeunicaeducacao.com.br/,,São José do Rio Preto,(17) 3353-1403,,COC (Arco),SP,,,
373,5285534743,REP - REDE DE ENSINO PROPOSITO,https://www.facebook.com/soumaisrep/,Karen Bustamante,Colinas do Tocantins,(63) 3476-1641,,COC (Arco),TO,1.0,,
374,5285636031,PADRE JOSÉ ANCHIETA - MATRIZ DE CAMARAGIBE,https://www.coc.com.br/nossas-escolas/padre-jose-anchieta-matriz-de-camaragibe,Karen Bustamante,Matriz de Camaragibe,-,,COC (Arco),AL,1.0,,
375,5285528546,PADRE JOSÉ ANCHIETA - SÃO LUÍS DO QUITUNDE,https://www.coc.com.br/nossas-escolas/padre-jose-anchieta-sao-luis-do-quitunde,,São Luís do Quitunde,-,MA,COC (Arco),AL,,,
376,5285552692,PH3 CENTRO EDUCACIONAL,https://www.colegioph3.com.br/,Karen Bustamante,Parnamirim,-,,COC (Arco),RN,1.0,,
377,5285536871,SAINT JAMES INTERNACIONAL SCHOOL,https://stjames.com.br/,,Londrina,(43) 3334-3535,,COC (Arco),PR,1.0,,
378,5285666094,SANTANNA,http://www.santanna.g12.br/,,Vinhedo,(19) 3113-3777,,COC (Arco),SP,,,
379,5285538226,SÃO CARLOS,https://www.aesc.org.br/colegio-sao-carlos-santa-vitoria-do-palmar/,,Santa Vitória do Palmar,-,,COC (Arco),RS,,,
380,5285552691,SÃO JOSÉ COLÉGIO ENSINO FUNDAMENTAL E MÉDIO,https://www.coc.com.br/nossas-escolas/sao-jose-colegio-ensino-fundamental-e-medio,Karen Bustamante,Prudentópolis,(42) 3446-2212,,COC (Arco),PR,1.0,,
381,5285550546,SESC PARANÁ,https://www.sescpr.com.br/,,Curitiba,-,,COC (Arco),PR,,,
382,5285524206,SIGMA CURSO E COLÉGIO,http://sigmacursoecolegio.com.br/,Karen Bustamante,Londrina,(43) 3372-9500,,COC (Arco),PR,1.0,,
383,5285614424,SISTEMA ALMANAQUE PLATAFORMA,https://pos.almanaquenutricao.com.br/institucional,,João Pessoa,-,,COC (Arco),PB,,,
384,5285518782,URCAMP,https://www.urcamp.edu.br/campus/dom-pedrito,Karen Bustamante,Dom Pedrito,(53) 3243-2446,,COC (Arco),RS,1.0,,
385,5285515705,SISTEMA PRISMA,https://www.coc.com.br/nossas-escolas/sistema-prisma,,Patrocínio,-,,COC (Arco),MG,,,
386,5285552700,SORRISO COLEGIO E CURSO,https://sorriso-colegio-e-curso-geo.webnode.com/,,Petrolina,(87) 3861-5425,,COC (Arco),PE,,,
387,5285517345,CENTRO EDUCACIONAL DE ANDRADINA,https://ceandradina.com.br/,Karen Bustamante,Andradina,(18) 3722-5649,,COC (Arco),SP,1.0,,
388,5285545162,COLÉGIO LUSÍADAS,https://www.lusiadas.com.br/,,Cariacica,(27) 3336-2293,,COC (Arco),ES,1.0,,
389,5285533399,COC RIO CLARO SP,http://cocrioclaro.com.br/,Nicole Oliveira,Rio Claro,(19) 2111-6830,,COC (Arco),SP,1.0,,
390,2835211874,Colégio Soledade,https://pt-br.facebook.com/soledadepe,Nicole Oliveira,Paulista,(81) 3433-0979,,COC (Arco),PE,2.0,,
391,5285553999,COLÉGIO DIOCESANO DE GARANHUNS,http://www.diocesanogaranhuns.com.br/,Karen Bustamante,Garanhuns,(87) 3761-1505,,COC (Arco),PE,1.0,,
392,5285666083,OSE COC,https://colegioose.com.br/,Karen Bustamante,Sorocaba,(15) 2101-3800,,COC (Arco),SP,2.0,,
